연관키워드,월간검색수(PC),월간검색수(모바일),월평균클릭수(PC),월평균클릭수(모바일),월평균클릭률(PC),월평균클릭률(모바일),경쟁정도,월평균노출광고수
제주도,"108,100","274,500",172.5,"2,736",0.18%,1.06%,높음,15
제주맛집,"9,270","86,200",36.9,"1,301.3",0.43%,1.6%,높음,15
제주관광지,"2,360","7,870",15.3,67.7,0.72%,0.91%,높음,15
제주관광지도,"7,460","12,500",25.5,13.3,0.39%,0.12%,높음,15
제주도갈만한곳,"4,930","8,750",4.3,4.3,0.1%,0.06%,높음,15
제주도2박3일코스,"10,400","19,300",45.2,434.7,0.44%,2.3%,높음,15
제주,"14,100","42,500",20.2,130.3,0.16%,0.33%,높음,15
제주도2박3일여행코스,"2,190","3,250",7.5,5.3,0.39%,0.19%,높음,15
제주시가볼만한곳,"2,630","26,000",1.3,8,0.05%,0.04%,높음,15
제주도가볼만한곳,"9,440","134,500",27.3,"1,901.3",0.3%,1.43%,높음,15
제주도여행지도,"3,520","3,860",9.9,5.7,0.29%,0.15%,높음,15
제주가볼만한곳,"4,370","32,700",11.8,285.7,0.3%,0.95%,높음,15
제주도항공권,"99,600","421,900","1,007.3","15,536.7",1.12%,3.97%,높음,15
제주도입장권,450,520,20.7,68.6,5%,13.65%,높음,15
제주항공권특가,"41,300","13,700","1,068.8","1,099.4",2.79%,8.28%,높음,15
제주도관광지도,"13,900","18,500",60.1,135.7,0.49%,0.8%,높음,15
제주도여행코스지도,"2,530","2,920",7.7,20.7,0.34%,0.76%,높음,15
제주도할인쿠폰,590,"1,710",27.1,186.8,4.98%,12.35%,높음,15
제주항공권,"46,400","135,400",449.3,"4,171",1.07%,3.37%,높음,15
제주도쿠폰,300,910,13.6,99.6,4.83%,11.76%,높음,15
8월제주도가볼만한곳,40,50,0.1,0,0.19%,0%,높음,15
제주도티켓,"2,540","9,530",31.7,448.1,1.39%,5.22%,높음,15
제주도항공권특가,"7,040","48,300",194.9,"3,823.4",3.1%,8.59%,높음,15
제주입장권,250,160,16.5,26.9,6.59%,17.37%,높음,15
제주도항공권땡처리,"6,950","6,670",210.3,566.1,3.3%,9.2%,높음,15
제주도뷔페,"1,000","2,070",2.1,8.3,0.24%,0.4%,높음,15
제주먹거리,640,"2,830",0.5,1.7,0.09%,0.07%,높음,15
제주여행지추천,120,180,0,3.3,0%,2%,높음,15
제주도서부여행코스,820,"1,990",1.3,0.3,0.18%,0.02%,높음,14
제주도동부여행코스,"1,360","2,670",2,2,0.17%,0.08%,높음,15
제주여행코스,"3,620","6,100",9.4,5,0.28%,0.1%,높음,15
6월제주도가볼만한곳,670,"1,280",3.7,1,0.66%,0.09%,중간,8
서귀포여행코스,330,560,1.1,1.7,0.28%,0.22%,높음,14
겨울제주도가볼만한곳,< 10,10,0,0,0%,0%,높음,15
제주맛집투어,40,110,0.6,0,1.57%,0%,중간,9
제주우도맛집,570,"7,030",2.6,24.3,0.49%,0.37%,중간,8
제주도2박3일커플여행코스,890,380,6.9,1.3,0.85%,0.39%,높음,15
제주지도,"6,710","18,800",7.7,5.7,0.13%,0.04%,높음,15
제주도3박4일여행코스,"4,010","7,810",4.8,3,0.14%,0.04%,높음,15
제주도맛집,"23,900","89,100",60.6,568.3,0.28%,0.65%,높음,15
제주도리조트,"4,490","14,100",39.3,544.7,0.95%,4.12%,높음,15
제주호텔,"12,600","43,100",136.9,"1,226.4",1.17%,2.96%,높음,15
제주도리조트추천,"1,020","2,240",5.4,1.3,0.62%,0.07%,높음,15
제주리조트추천,850,"2,540",9.7,3.7,1.28%,0.16%,높음,15
제주도호텔추천,"3,000","7,210",19.1,246.1,0.69%,3.66%,높음,15
제주도호텔예약,390,550,10.4,52.4,2.85%,9.75%,높음,15
제주공항근처맛집,"5,550","57,100",11.5,871.7,0.23%,1.6%,높음,15
제주호텔추천,"1,340","5,860",7.5,250.9,0.59%,4.48%,높음,15
서귀포호텔,"4,490","16,700",37.4,121.7,0.89%,0.78%,높음,15
제주여행만들기,80,160,2.6,21.5,4.07%,12.88%,높음,15
제주현지인맛집,"1,740","5,380",6.1,3.3,0.42%,0.08%,높음,15
제주한정식,250,"1,550",6.1,23,2.83%,1.64%,중간,6
제주3박4일코스,"1,350","2,980",7.1,7,0.6%,0.26%,높음,15
제주도관광코스,"1,110","2,670",3.6,1.3,0.46%,0.08%,높음,15
제주도관광명소,"4,330","9,830",14.7,22,0.4%,0.25%,높음,15
제주도관광지추천,760,270,2.5,3.3,0.39%,1.33%,높음,15
제주관광코스,600,"3,560",3.5,10.3,0.62%,0.36%,높음,15
제주도가족여행코스,"1,990","1,790",4.1,3.1,0.23%,0.19%,높음,15
제주도우도,"4,720","9,310",5.8,57.7,0.14%,0.68%,높음,10
제주우도,"1,900","4,010",5.2,36.7,0.3%,0.98%,높음,10
제주2박3일여행코스,560,"7,550",2.9,14,0.59%,0.2%,높음,15
제주동부권관광지,"1,030","3,700",4.7,9.3,0.49%,0.28%,중간,13
제주도여행지,"3,380","3,010",2.5,30,0.08%,1.04%,높음,15
제주도우도여행코스,"1,370",30,0,0,0%,0%,높음,15
제주음식점,40,350,0.4,1.7,1.34%,0.53%,높음,15
서귀포가볼만한곳,"4,780","45,200",8.1,7.3,0.17%,0.02%,높음,15
제주체험,"1,820","3,100",4.9,16,0.31%,0.54%,높음,15
제주티켓,340,"1,590",8.1,110.1,2.49%,7.73%,높음,15
10월제주도가볼만한곳,20,40,0,0,0%,0%,높음,14
제주도입장권할인,100,"1,080",6.6,129.6,6.6%,13.04%,높음,15
제주할인권,60,130,7.4,23,12.14%,17.19%,높음,15
제주도자유이용권,80,170,2.4,3.5,2.73%,2.08%,높음,15
제주도아이들과가볼만한곳,670,500,0,0.7,0%,0.13%,높음,3
제주도이용권,10,60,0.2,4.3,1.19%,6.16%,높음,15
제주도관광지할인쿠폰,50,870,3.9,158.6,6.67%,16.99%,높음,15
제주모바일할인쿠폰,60,110,1.3,0.3,2.39%,0.24%,높음,15
제주관광지할인권,10,40,1.1,5.9,7.09%,12.93%,높음,15
제주관광지할인쿠폰,40,90,4.1,13,8.48%,15.12%,높음,15
제주도할인쿠폰북,10,20,0.5,1.5,4.7%,7.15%,높음,15
제주도모바일후불할인쿠폰,10,20,0.8,1.8,6.71%,10.17%,높음,14
제주도관광지할인,50,30,2.9,2,7.17%,8.7%,높음,15
제주관광지할인,60,180,3.1,32,6.15%,20.92%,높음,15
제주도핫플레이스,"4,230","3,420",3.8,3.7,0.11%,0.11%,높음,14
제주할인,60,140,2.3,17.2,4.36%,12.56%,높음,15
제주도저렴한맛집,100,560,1.1,0.7,1.21%,0.12%,높음,14
제주서귀포맛집,"2,080","11,200",9.1,22,0.49%,0.21%,높음,15
5월제주도가볼만한곳,"1,730","4,190",3.7,5.3,0.32%,0.16%,높음,15
제주뷔페,440,"2,570",2.6,25.7,0.66%,1.05%,높음,15
제주도여행하기좋은곳,"1,050","1,310",6.7,1.7,0.67%,0.14%,높음,15
제주도유명맛집,30,60,0,0.3,0%,0.53%,높음,3
10월제주가볼만한곳,10,40,0,0,0%,0%,중간,7
겨울제주도,50,110,0,0,0%,0%,높음,15
제주도이색맛집,80,470,0.2,1,0.24%,0.22%,높음,15
용두암근처맛집,130,"2,970",0,3,0%,0.11%,높음,3
제주도전복,450,"1,380",1.1,1.9,0.25%,0.15%,높음,15
제주도음식,"1,330","4,140",2,1,0.18%,0.03%,중간,12
서귀포호텔추천,240,690,0.9,0,0.45%,0%,높음,15
제주시전복맛집,10,60,0,0,0%,0%,중간,2
제주도해물탕맛집,50,540,0,0,0%,0%,높음,3
제주리조트예약,30,90,1.3,9.7,4.7%,11.25%,높음,15
제주겨울여행코스,< 10,< 10,0.4,0,2.5%,0%,높음,15
제주흑돼지전문점,80,380,0.9,0,1.1%,0%,높음,15
제주도추천맛집,40,120,0,0,0%,0%,높음,15
10월제주도2박3일코스,< 10,< 10,0,0,0%,0%,중간,5
제주도리조트예약,50,50,1.2,2.3,3.88%,4.17%,높음,15
12월제주도가볼만한곳,< 10,< 10,0,0,0%,0%,높음,15
제주유명횟집,10,50,1,0,9.1%,0%,높음,3
제주도서부권여행코스,20,60,0,1,0%,1.7%,높음,3
제주도자유여행코스,40,50,0.4,0,1.07%,0%,중간,7
제주도여행코스추천,160,200,0.9,0.7,0.52%,0.33%,높음,15
제주가봐야할곳,10,60,0,0,0%,0%,높음,3
우도관광,550,"1,150",1.7,2.3,0.33%,0.22%,높음,15
우도관광코스,60,130,0,0.3,0%,0.28%,높음,3
우도버스,780,"1,760",5.3,2,0.66%,0.12%,중간,9
우도볼거리,140,990,0,0,0%,0%,높음,3
서귀포시관광지,60,310,0,1,0%,0.37%,높음,3
서귀포여행,600,"1,250",0.5,5,0.09%,0.42%,높음,15
서귀포여행지,80,220,0.1,1,0.1%,0.44%,높음,14
2박3일제주도관광코스,< 10,< 10,0,0,0%,0%,높음,3
2박3일제주여행코스,"1,690","2,970",11.5,4,0.71%,0.15%,높음,15
8월제주여행코스,< 10,< 10,0,0,0%,0%,중간,7
제주추천여행지,40,100,0.5,0.7,1.09%,0.62%,높음,15
중문관광단지볼거리,240,"4,330",0.1,2.3,0.06%,0.06%,중간,9
중문관광지,140,"1,240",0.5,0.7,0.35%,0.07%,높음,14
중문볼거리,170,450,0,0,0%,0%,높음,3
제주여행가볼만한곳,30,100,0.1,1.3,0.23%,1.49%,높음,15
제주여행추천코스,10,10,0,0,0%,0%,높음,3
제주우도펜션,80,240,0.9,0.7,1.25%,0.28%,높음,15
제주중문가볼만한곳,260,"8,420",0.3,7.3,0.14%,0.12%,높음,15
제주서부관광지,90,490,0.4,0,0.43%,0%,높음,15
제주서부권가볼만한곳,< 10,10,0,0,0%,0%,중간,2
제주서부권관광지,930,"2,950",2.2,5.1,0.26%,0.19%,중간,8
제주서부여행코스,70,110,0,0,0%,0%,높음,3
제주시관광지,"1,060","9,800",1.2,38.7,0.13%,0.42%,높음,15
제주시여행코스,50,160,0.1,0,0.18%,0%,중간,10
제주동부가볼만한곳,60,190,0,0,0%,0%,높음,3
제주동부관광지,100,270,0.2,1,0.24%,0.36%,높음,14
제주동부여행지,20,30,0,0,0%,0%,높음,3
제주동부여행코스,70,100,0.2,0,0.27%,0%,높음,15
제주도중문가볼만한곳,750,"5,020",1.6,8,0.18%,0.14%,높음,14
제주도중문뷔페,10,30,0,0,0%,0%,높음,3
제주도즐길거리,130,340,0.8,1.7,0.67%,0.57%,높음,15
제주도테마파크,410,"1,410",1.1,8,0.3%,0.6%,높음,15
제주도서귀포가볼만한곳,240,260,1.5,0,0.62%,0%,중간,10
제주도서귀포여행코스,270,"7,000",0,2.7,0%,0.05%,높음,3
제주도서쪽관광지,130,"1,410",0,0,0%,0%,높음,3
제주도쇠소깍,"3,320","21,400",11.8,212.7,0.4%,1.11%,높음,10
제주도아이와갈만한곳,40,140,0.3,0.3,0.69%,0.22%,높음,3
제주도에서꼭가봐야할곳,20,150,0.1,0.7,0.71%,0.48%,높음,15
제주도여행가볼만한곳,10,70,0.1,1,0.31%,1.32%,높음,15
제주도오설록,"1,620","3,420",2.3,7.3,0.16%,0.23%,높음,15
제주도우도여행,730,810,2.7,2.3,0.39%,0.32%,높음,15
제주도유명한곳,190,"1,300",0.8,0.7,0.51%,0.06%,높음,15
제주도관광지코스,< 10,< 10,0,0,0%,0%,높음,3
제주도관광추천,120,170,0.3,0.3,0.23%,0.19%,높음,15
제주도관광코스지도,< 10,10,0,0,0%,0%,중간,8
제주도구경거리,30,60,0,0,0%,0%,높음,3
제주도꼭가볼만한곳,10,150,0,0.3,0%,0.35%,높음,3
제주도동부관광지,10,30,0,0,0%,0%,높음,3
제주도동부권여행,10,10,0,0.3,0%,2.09%,높음,3
제주도동부코스,60,100,0,0,0%,0%,높음,3
제주도동쪽관광지,160,"1,090",0.3,0.7,0.22%,0.07%,중간,13
제주공항근처가볼만한곳,"2,070","2,270",0.3,0.3,0.02%,0.03%,낮음,3
제주공항주변관광지,30,110,0,0.3,0%,0.32%,높음,3
제주관광명소,220,420,1.4,1.3,0.73%,0.36%,높음,15
제주관광추천,100,140,0.2,1,0.2%,0.79%,높음,15
제주꼭가봐야할곳,100,710,0.3,0,0.3%,0%,높음,15
제주놀만한곳,20,120,0,0.3,0%,0.3%,중간,7
제주도1박2일코스,"2,380","6,410",9.7,7.7,0.43%,0.13%,높음,15
제주도1월여행,< 10,10,0,0,0%,0%,높음,15
제주도가면꼭가봐야할곳,10,40,0,0,0%,0%,높음,3
제주도가봐야할곳,30,100,0,0,0%,0%,중간,13
우도승마체험,30,30,0,2.3,0%,5.7%,중간,5
우도여행,"1,300","2,630",2.9,2.3,0.25%,0.1%,높음,15
우도입장료,140,370,2.8,11,2.41%,3.02%,중간,5
우도투어,50,200,0.1,1,0.26%,0.52%,높음,15
우도할인,10,60,1.1,4,8.53%,6.67%,높음,10
우도할인권,< 10,20,0,5.7,0%,18.28%,높음,3
우도항,140,590,0,0.4,0%,0.07%,중간,2
제주1박2일여행코스,60,140,0.3,1.3,0.38%,0.89%,높음,15
제주3박4일여행코스,10,20,0,0,0%,0%,높음,15
제주4박5일여행코스,< 10,10,0.1,0,2.67%,0%,높음,15
제주도박물관,"2,250","5,140",1.5,9.3,0.07%,0.2%,높음,15
제주갈만한곳,"1,090","3,390",2.1,2,0.22%,0.06%,높음,15
제주도코스,"1,990","4,800",2.7,0.7,0.15%,0.02%,높음,15
제주도민맛집,640,"2,640",2.1,3,0.34%,0.12%,높음,15
제주서귀포가볼만한곳,200,"4,200",0.1,0,0.07%,0%,중간,12
제주도펜션,"26,800","77,300",391.9,"1,872.3",1.57%,2.55%,높음,15
제주도맛집베스트10,430,"2,750",13,17.7,3.05%,0.66%,중간,11
중고서핑보드,60,130,2.7,4,6.4%,3.06%,중간,7
제주도관광지,"4,910","12,200",17.1,181.3,0.36%,1.64%,높음,15
제주도서핑,"1,220","3,130",8.9,32.3,0.85%,1.2%,높음,15
제주도중문서핑,30,60,2.4,0.7,6.67%,1.08%,중간,5
제주서귀포관광지,130,"14,000",0,57.7,0%,0.56%,높음,14
서귀포맛집,"6,050","59,400",14.2,734.3,0.26%,1.28%,높음,15
제주풀빌라,"3,510","13,100",36.7,487.3,1.14%,4.06%,높음,15
제주맛집추천,220,"3,540",1.6,56,0.63%,1%,높음,15
제주숙박,"5,830","15,800",150.6,866.4,2.8%,5.58%,높음,15
제주서핑,520,"1,520",3.9,14.7,0.87%,1.1%,높음,15
제주게스트하우스,"5,190","18,500",47.9,532.3,1.01%,3.01%,높음,15
제주겨울서핑,< 10,10,0,0,0%,0%,중간,2
제주도중문관광단지,670,"2,530",0.8,10.7,0.14%,0.66%,높음,10
제주도풀빌라펜션,"2,760","4,730",34.1,307.9,1.29%,7.26%,높음,15
중문서핑,120,410,1.9,8.7,1.97%,2.5%,중간,10
제주독채펜션,"3,960","13,800",77.1,327.1,2.17%,2.58%,높음,15
제주시맛집,"4,240","30,600",14,111.7,0.36%,0.39%,높음,15
제주도풀빌라,"4,980","17,300",73.9,781.8,1.6%,4.73%,높음,15
제주도승마,"1,870","1,890",4.7,1.7,0.31%,0.1%,높음,15
제주도전원주택매매,570,"1,510",21.9,120.2,3.71%,7.76%,높음,15
제주타운하우스분양,470,790,15.2,51.4,3.25%,6.26%,높음,15
제주펜션,"6,260","21,800",96.9,443.5,1.68%,2.1%,높음,15
국내여행사,"5,180","14,600",204.3,"1,043.8",4.32%,7.58%,높음,15
서귀포횟집,"1,660","8,560",4.2,6.3,0.27%,0.08%,중간,12
제주도타운하우스분양,320,530,16.7,11.3,5.35%,1.97%,높음,15
제주갈치맛집,840,"8,170",5.9,233.3,0.75%,3.03%,중간,13
서귀포펜션,"1,960","4,680",24.8,60.7,1.37%,1.35%,높음,15
유컴스렌트카,30,50,1.7,5.3,5.19%,10.56%,중간,6
제주도분양,480,730,7.9,3.3,1.8%,0.46%,높음,15
애월맛집,"3,970","17,700",4.4,63.7,0.13%,0.37%,높음,15
제주가족펜션,"1,680","3,780",27.1,88,2%,2.57%,높음,15
제주도게스트하우스,"16,000","54,800",144.7,"2,675.1",0.97%,5.17%,높음,15
제주도맛집추천,"3,140","8,370",24.1,90.7,0.84%,0.98%,높음,15
호텔분양,250,420,2.1,0.3,0.91%,0.09%,높음,15
제주도주택매매,730,"2,790",11.7,18.3,1.56%,0.63%,높음,15
제주통합렌트카,"1,540","3,330",0,0,0%,0%,낮음,0
우도맛집,"4,630","34,700",8.7,135.3,0.21%,0.4%,중간,12
제주도타운하우스,"1,270","2,860",29.3,146,2.43%,4.97%,높음,15
서귀포관광지,730,"1,520",1.3,7.3,0.23%,0.53%,높음,15
제주도서귀포맛집,"1,550","7,670",4.7,26,0.33%,0.36%,높음,15
마라도배예약,280,500,3.5,69.1,1.29%,16.07%,중간,13
제주도전원주택분양,40,70,2.7,1.3,4.68%,1.78%,높음,15
제주펜션좋은곳,770,"2,670",18.1,27,2.63%,1.05%,높음,15
제주도겨울서핑,< 10,10,0.5,0,25%,0%,중간,2
서프스케이트,150,420,2.5,7.2,2.07%,1.9%,중간,13
서핑보드구입,< 10,< 10,0,0.7,0%,13.34%,높음,3
제주타운하우스,"1,350","3,260",29.2,183.9,2.17%,5.73%,높음,15
제주도놀거리,"1,540","4,930",5.9,4,0.42%,0.09%,높음,15
제주도가족펜션,"2,290","5,600",57.7,190,2.71%,3.55%,높음,15
제주분양,470,860,7.7,23.8,1.74%,2.96%,높음,15
서귀포독채펜션,600,"1,410",12.9,2.7,2.16%,0.19%,높음,15
제주도애월맛집,"1,220","4,370",1.1,19.3,0.11%,0.53%,높음,14
제주도독채펜션,"4,440","12,000",92.5,312.5,2.2%,2.73%,높음,15
제주서핑캠프,10,20,1.1,2.3,16%,9.34%,낮음,4
제주도숨은맛집,290,"1,050",0.9,9,0.31%,0.85%,높음,15
제주도관광,"22,300","88,000",174,"2,428.7",0.85%,2.93%,높음,15
제주신화월드조식,170,800,2.8,5.7,1.76%,0.73%,낮음,4
제주도펜션추천,"1,670","4,770",31.8,151.3,2.07%,3.33%,높음,15
제주관광지추천,"1,120","1,270",4.9,8,0.45%,0.53%,높음,15
제주도흑돼지맛집,"2,540","19,500",3.6,38.3,0.16%,0.2%,높음,15
신화월드식당,20,180,0,0,0%,0%,중간,2
제주도흑돼지,"4,260","8,130",10.5,63.3,0.27%,0.83%,높음,15
제주중문서핑,30,100,2.8,1.7,10.93%,1.88%,중간,5
제주횟집추천,640,210,0.1,1,0.02%,0.37%,중간,12
제주호텔분양,10,40,0.1,0,0.91%,0%,중간,10
제주여행지도,"2,060","2,900",18,10.2,0.94%,0.39%,높음,15
제주도잠수함,"2,220","7,470",16.9,322,0.83%,4.7%,높음,15
제주도숙소,"10,100","28,700",186.1,"1,391.5",2.02%,5.19%,높음,15
서핑캠프,30,60,0.7,0.3,2.35%,0.61%,중간,9
패들보드,"1,340","4,490",14.7,32,1.1%,0.59%,높음,15
제주서핑게스트하우스,10,50,0,0,0%,0%,높음,3
제주도호텔분양,10,30,0.3,0,1.6%,0%,중간,8
제주중문맛집,"3,090","38,400",5.4,67.3,0.2%,0.19%,중간,13
서핑보드구매,< 10,20,1.3,0.3,26.67%,1.76%,높음,3
제주맛집지도,"2,620","6,860",24.2,6.7,1.02%,0.12%,중간,10
제주이색체험,"1,120",300,0.3,3.7,0.04%,1.23%,높음,15
신제주맛집,780,"4,010",4.5,1.7,0.59%,0.05%,중간,11
제주도필수코스,320,980,0.6,2.3,0.15%,0.23%,높음,15
제주여행사사이트,< 10,< 10,0,0,0%,0%,낮음,0
제주도1인여행,50,150,0.3,2.7,0.65%,1.83%,높음,15
국내여행사순위,"1,490","2,490",19.2,9.3,1.42%,0.4%,높음,14
제주탄산온천,520,"2,920",2.5,9.9,0.5%,0.35%,높음,15
제주수상레저,20,30,0.1,0.3,0.48%,1.39%,중간,12
제주도별장,210,480,0.8,1.2,0.43%,0.25%,높음,15
제주도서귀포펜션,970,"2,040",16.9,32.7,1.99%,1.66%,높음,15
제주도부동산시세,170,260,5.6,8,3.43%,3.38%,높음,15
제주도서핑게스트하우스,30,40,1.5,0.3,5.59%,1.08%,중간,7
수익형호텔,230,530,1.1,3.9,0.49%,0.78%,높음,15
제주도꼭가야할곳,980,"2,160",3.8,1,0.35%,0.04%,높음,15
제주도이색체험,"1,100",470,2,1.3,0.2%,0.29%,중간,13
서핑샵,80,160,3.2,19.5,3.97%,12.12%,높음,15
제주도전원주택단지,10,30,0.5,3.3,3.14%,10.11%,높음,15
분양형호텔,330,430,1.1,2.4,0.35%,0.59%,높음,15
제주항공권예매,"3,940","1,660",53.5,89.1,1.55%,5.75%,높음,15
제주1박2일코스,110,270,0.5,0.7,0.47%,0.24%,높음,15
제주여행가이드,30,80,0.9,0,2.71%,0%,높음,15
4인가족제주도여행,30,120,0.1,0.3,0.44%,0.33%,높음,15
제주도여행사추천,80,110,4,12.7,5.07%,12.47%,높음,15
제주도써핑,10,70,0.9,2,8.34%,3.28%,낮음,4
레지던스분양,180,410,2.5,0.7,1.41%,0.17%,높음,15
서핑,"3,500","7,960",14.1,67.7,0.45%,0.92%,높음,15
양양서핑,"3,110","5,310",20.7,49.7,0.77%,1.06%,높음,15
서핑교육,10,10,0.1,0,1.64%,0%,높음,14
서핑보드대여,10,20,0.8,2,5.68%,8.34%,중간,10
제주서귀포펜션,"1,140","2,670",10.9,57.5,1.43%,2.21%,높음,15
제주도패키지,"2,840","6,980",129.4,570.4,4.87%,8.68%,높음,15
풀빌라분양,40,60,2.1,0.7,5.95%,1.49%,중간,5
서핑사이트,< 10,< 10,0,0,0%,0%,높음,3
사계서핑,< 10,< 10,0.3,0.3,11.12%,4.17%,높음,3
서핑보드판매,< 10,10,0.3,1.7,16.67%,10.42%,높음,3
제주오라렌트카,220,850,7.1,82.8,3.18%,9.67%,중간,13
제주전원주택분양,10,10,1.1,0,6.67%,0%,높음,15
제주부동산매매,70,80,1.5,7,2.4%,8.75%,높음,15
제주도먹거리,"2,320","6,000",5.6,2.7,0.25%,0.05%,높음,15
제주도맛집베스트,30,90,0,0,0%,0%,중간,8
2박3일제주여행,"4,180","13,900",103,913.4,2.64%,6.88%,높음,15
제주도파라세일링,30,70,1.1,7,3.39%,7.2%,중간,10
제주도팬션,"1,820","4,120",26.9,118.8,1.55%,3.08%,높음,15
모델하우스,"3,840","8,730",29.5,41,0.92%,0.51%,높음,15
제주도공항근처맛집,"1,230","5,150",1.8,23,0.16%,0.48%,중간,12
제주흑돼지맛집,"1,950","20,000",3,42,0.17%,0.22%,높음,14
제주도짚라인,"1,020","2,950",6.2,3.3,0.66%,0.13%,높음,15
제주게스트하우스추천,470,680,6.9,32.3,1.59%,5.03%,높음,15
제주도전원주택,740,"2,480",12.2,101.2,1.63%,3.94%,높음,15
제주도수영장펜션,480,"1,830",7.4,2,1.85%,0.12%,높음,15
제주도원룸,720,"1,990",16.6,103,2.36%,5.29%,높음,15
제주나홀로여행,20,70,0.5,0.7,2.03%,0.92%,높음,15
제주도여행코스짜기,30,20,0.2,0,0.55%,0%,높음,15
제주도여행시준비물,10,80,0,0,0%,0%,높음,3
제주땡처리여행,< 10,10,0.6,2.3,20%,21.22%,높음,15
제주도여행패키지,960,"2,470",32.3,225,3.76%,9.52%,높음,15
수익형호텔분양,20,20,0.1,0,0.36%,0%,높음,15
제주도바다펜션,120,390,1.5,0,1.18%,0%,높음,15
제주도아파트분양,190,450,3.6,6.3,1.87%,1.25%,높음,15
우도잠수함할인,< 10,20,0.2,2,2.86%,12.5%,높음,10
제주도집매매,190,"1,500",3.9,35.3,2.02%,2.23%,높음,15
제주도고급전원주택,20,40,0.9,0,3.21%,0%,높음,15
제주도피자,370,"1,220",0.3,3.7,0.1%,0.33%,중간,7
제주피자,130,970,0.4,9.7,0.27%,1.07%,중간,9
제주도투자,50,150,0.3,0,0.4%,0%,높음,15
생활형숙박시설분양,50,10,4.8,0,9.32%,0%,중간,7
서귀포관광,310,870,0.6,4.3,0.23%,0.52%,높음,15
레지던스호텔분양,20,30,1.6,0,6.82%,0%,높음,15
제주쇼킹,10,20,2,3.9,12.5%,12.5%,중간,2
서귀포잠수함할인,20,100,0.2,9.3,1.43%,11.25%,높음,10
비자림입장료,280,820,0.3,4.1,0.14%,0.52%,높음,3
중문맛집,"2,480","25,400",3.2,33.3,0.16%,0.14%,중간,12
호치민지역,20,30,0,0,0%,0%,중간,1
제주도현지인맛집,530,"1,390",1.7,3,0.31%,0.19%,높음,15
제주시맛집베스트,210,20,0,0,0%,0%,중간,5
제주도음식점,90,510,0.1,1,0.09%,0.19%,높음,15
서귀포흑돼지맛집,"1,150","7,700",5.1,19,0.49%,0.26%,중간,11
제주유명맛집,20,70,0,0,0%,0%,높음,3
서귀포시내맛집,90,780,0.4,1,0.38%,0.14%,높음,3
제주도관광할인,30,50,1.1,6.5,3.56%,17.7%,높음,15
7월제주가볼만한곳,< 10,< 10,0,0,0%,0%,높음,3
제주시맞집,10,10,0,0,0%,0%,높음,3
제주시향토음식점,< 10,20,0,0.3,0%,1.97%,높음,3
제주맛있는집,< 10,30,0,0,0%,0%,높음,3
제주맛집리스트,110,240,0.3,0,0.36%,0%,높음,3
제주맛집여행,40,130,0.7,0,1.34%,0%,높음,3
제주도싸고맛있는집,< 10,60,0,1.3,0%,1.82%,높음,3
제주도여행맛집,40,90,0,0,0%,0%,높음,3
제주도맛있는집,< 10,40,0.7,0,16.67%,0%,높음,3
제주도맛집여행,30,90,0.1,0,0.34%,0%,높음,15
제주도맞집,30,80,0.9,1,3%,1.27%,중간,8
4월제주가볼만한곳,110,160,0.3,0.7,0.4%,0.55%,높음,3
6월제주가볼만한곳,10,10,0,0,0%,0%,높음,3
제주여행맛집,50,80,1,0,1.97%,0%,높음,3
제주숨겨진맛집,10,50,0.3,0.3,2.09%,0.66%,높음,3
제주도여행지추천,450,"1,130",1.2,28,0.29%,2.52%,높음,15
제주중문관광지,230,"1,050",0.2,2.3,0.09%,0.1%,높음,15
제주안덕면맛집,420,"3,360",1,3,0.36%,0.13%,중간,1
제주아이들과가볼만한곳,"1,530",640,0.1,0.7,0.01%,0.09%,높음,15
2박3일제주도여행코스,70,80,0.4,0.3,0.5%,0.46%,높음,15
제주테마파크,260,"1,180",0.5,3.7,0.2%,0.33%,높음,15
제주추천관광지,30,60,0.1,0.3,0.44%,0.54%,높음,15
애월한정식,< 10,160,0,0,0%,0%,높음,3
제주시애월맛집,10,100,0,0,0%,0%,높음,3
제주애월맛집추천,< 10,10,0,0,0%,0%,높음,3
흑돈가,"2,510","5,980",1.1,10.5,0.05%,0.19%,중간,7
제주도동부여행,130,160,0.4,0,0.32%,0%,높음,15
제주도2박3일패키지여행,10,20,0.1,0,1.03%,0%,높음,15
애월맛집추천,10,20,0,0.3,0%,1.45%,중간,13
제주도맛집총정리,< 10,20,0,0,0%,0%,높음,3
제주도유명한맛집,< 10,40,0.3,0,5.56%,0%,높음,3
4월제주도가볼만한곳,"5,340","18,000",13.5,9,0.32%,0.07%,높음,15
제주도식당,490,"1,160",1.5,1.7,0.35%,0.16%,높음,15
제주박물관,770,"3,630",0.8,13,0.12%,0.37%,높음,15
제주풀빌라리조트,420,590,5.8,0.3,1.52%,0.06%,높음,15
제주도호텔숙박권,< 10,< 10,0,0.3,0%,3.04%,높음,3
제주도신화월드호텔,20,50,0.7,2.3,2.39%,4.87%,높음,3
제주겨울여행지,< 10,< 10,0,0,0%,0%,높음,15
제주월정리해변숙소,< 10,30,0,0,0%,0%,중간,7
제주전원주택매매,170,420,4.9,22.3,2.99%,5.62%,높음,15
제주숨은맛집,170,760,1.9,3,1.24%,0.41%,높음,14
흑돼지전문점,10,40,0,0.7,0%,1.63%,높음,3
제주도딱새우회,570,"1,590",0.7,0.7,0.14%,0.05%,낮음,4
제주갈치구이,710,"5,350",0.8,21.7,0.11%,0.42%,높음,15
서귀포갈치조림맛집,90,"4,730",0,2.6,0%,0.06%,중간,2
제주시흑돼지,870,"1,020",0.1,8,0.02%,0.83%,중간,8
우도여객선예약,< 10,10,0.4,2.5,4.55%,15.91%,높음,3
제주공항맛집,"3,970","27,000",9,52,0.24%,0.2%,중간,13
갈치조림맛집,170,"2,500",0.3,2.7,0.21%,0.12%,높음,3
제주12월가볼만한곳,< 10,< 10,0,0,0%,0%,중간,9
제주공항통갈치조림,10,70,0,0,0%,0%,중간,2
제주공항근처통갈치,< 10,40,0,1,0%,3.45%,중간,1
제주도통갈치조림맛집,10,"1,000",0,0,0%,0%,높음,3
제주공항근처통갈치조림,10,50,0,0,0%,0%,중간,1
애월읍맛집,330,890,2.7,6,0.88%,0.69%,중간,10
제주고급레스토랑,20,60,0,0,0%,0%,중간,2
제주도로컬맛집,90,390,0,0,0%,0%,중간,1
제주도레스토랑,190,710,0.9,2,0.54%,0.3%,중간,11
제주도고급식당,30,40,1,0,7.7%,0%,중간,1
제주도분위기좋은레스토랑,10,30,0,0,0%,0%,중간,1
제주신화월드맛집,250,"2,080",0.7,2,0.32%,0.11%,높음,3
제주푸드,20,30,0.6,1.3,3.42%,4.77%,중간,11
제주파인다이닝,20,70,0,0,0%,0%,중간,1
서귀포레스토랑,70,490,0,0,0%,0%,중간,2
소인국테마파크주변맛집,< 10,< 10,0,0,0%,0%,중간,1
제주도고급레스토랑,20,50,0.6,0,4.35%,0%,중간,2
제주애월맛집,"3,420","56,600",10.6,282.7,0.32%,0.54%,높음,15
제주애월읍맛집,140,"3,160",0.3,1.3,0.25%,0.05%,높음,3
제주랍스터,40,290,0,0,0%,0%,중간,1
제주토속음식점,10,40,0,0,0%,0%,높음,3
제주흑돼지집,10,70,0,0,0%,0%,높음,3
제주도늘봄,260,"1,130",0,0,0%,0%,높음,3
제주통갈치조림,"2,410","1,260",6.9,21.1,0.27%,1.47%,중간,8
제주의맛집,< 10,10,0,0,0%,0%,높음,3
제주도해물탕,500,"2,240",0.7,1,0.18%,0.05%,높음,3
제주용두암맛집,130,"2,240",0.3,1.4,0.28%,0.07%,높음,3
산토리니섬,150,340,0.3,1,0.28%,0.37%,높음,3
3월제주도가볼만한곳,"6,640","19,800",15.9,107,0.22%,0.44%,높음,15
제주국제공항주변맛집,< 10,< 10,0,0,0%,0%,중간,1
제주도주상절리,"2,900","14,500",1.5,5.3,0.06%,0.05%,중간,10
제주전복,250,"1,150",1.2,1,0.54%,0.1%,높음,15
제주전복맛집,90,"1,300",0.3,0.7,0.45%,0.06%,높음,3
제주전복죽,190,"1,210",1.2,1,0.75%,0.09%,낮음,4
신제주횟집,90,720,0,9,0%,2.97%,중간,1
제주시흑돼지맛집,970,"9,720",1.1,7.7,0.14%,0.09%,중간,11
제주똥돼지맛집,< 10,50,0.5,0,7.15%,0%,중간,2
제주갈치정식,40,200,0,0.8,0%,0.38%,높음,3
제주도관광지요금,< 10,< 10,0,0,0%,0%,높음,15
제주도먹거리여행,< 10,< 10,0,0,0%,0%,높음,3
중문맛집제주흑돼지와전복,70,190,9,0,14.52%,0%,중간,1
제주근고기,380,"2,560",2.2,14,0.59%,0.53%,중간,6
제주음식,410,"1,510",1.4,0.7,0.37%,0.05%,높음,14
서귀포맛집추천,30,170,0.1,1.3,0.21%,0.74%,높음,15
푸켓타운,130,390,0,0.7,0%,0.2%,높음,3
제주시맛집지도,10,10,0,0,0%,0%,중간,2
제주도가면꼭먹어야하는음식,10,80,0.3,0.3,2.44%,0.41%,높음,3
제주한정식맛집,10,70,0,0.7,0%,0.88%,높음,3
제주전복전문점,< 10,10,0,0,0%,0%,높음,3
제주시이도2동맛집,< 10,20,0,0,0%,0%,중간,2
제주도꼭먹어야하는음식,10,10,0,0,0%,0%,중간,2
제주도해물뚝배기,210,970,0,0,0%,0%,높음,3
제주맛집베스트,10,80,0,0,0%,0%,높음,3
제주도추천음식,90,270,0.7,0.4,0.77%,0.14%,높음,3
제주도요리,20,70,0,0,0%,0%,중간,1
제주전복식당,< 10,< 10,0,0,0%,0%,중간,1
제주시이도이동맛집,10,20,0,0,0%,0%,중간,1
제주시내맛집,"1,110","4,980",3,2.3,0.31%,0.05%,중간,11
제주도겨울여행코스,< 10,< 10,0,0,0%,0%,높음,15
제주도갈치정식,60,510,0,0.8,0%,0.19%,높음,3
제주맛집코스,< 10,20,0,0,0%,0%,중간,1
제주맛집탐방,< 10,10,0,0,0%,0%,중간,2
제주도섬채,30,90,1.5,0.9,4.55%,1.02%,중간,1
제주로컬푸드,150,520,2.8,1.7,1.92%,0.34%,중간,5
제주시뷔페,90,740,1.2,2,1.31%,0.3%,중간,9
제주여름맛집,< 10,< 10,0,0,0%,0%,낮음,0
제주부페,40,390,1.1,0.3,2.39%,0.1%,높음,15
신제주식당,10,50,0,0,0%,0%,낮음,0
2월제주도,< 10,30,0,0,0%,0%,높음,15
제주바닷가횟집,20,80,0,0,0%,0%,높음,3
제주공항부근맛집,10,160,0,0.5,0%,0.25%,높음,3
1월제주도가볼만한곳,< 10,< 10,0.1,0,13.34%,0%,높음,15
제주가성비맛집,110,740,0,0.5,0%,0.08%,중간,1
제주표선맛집,"1,050","15,800",0.3,3.7,0.05%,0.03%,높음,3
제주통갈치조림맛집,80,"3,670",2.1,9,3.3%,0.27%,높음,3
제주도중문맛집,"1,270","6,390",3,7,0.26%,0.12%,중간,10
제주도추천여행지,950,"1,150",1.7,6.7,0.16%,0.47%,높음,15
제주공항인근맛집,40,120,0,0.3,0%,0.25%,높음,3
제주섬채,190,"1,510",0.5,2.1,0.29%,0.15%,중간,2
제주말고기,570,"1,880",3.4,17.3,0.65%,0.92%,높음,15
강정포구맛집,10,80,0,0.7,0%,1.02%,높음,3
제주방어회,40,330,0.8,2.3,1.82%,0.6%,중간,6
충남콘도,30,90,0.2,4.7,0.87%,3.71%,높음,15
충남풀빌라펜션,10,80,0.4,0.3,3.64%,0.29%,높음,14
충북리조트,170,380,0.6,2,0.39%,0.58%,높음,14
충북숙박,10,50,0,0,0%,0%,높음,15
충북펜션,420,"1,160",9.1,23,2.21%,2.02%,높음,15
충북풀빌라펜션,10,30,2.1,0.3,12.63%,0.44%,중간,6
제주예매,20,60,0,0,0%,0%,높음,3
저렴한모텔,10,70,0.5,5,4.35%,4.14%,중간,10
전남캠핑,80,320,1.4,0.7,1.97%,0.21%,중간,12
전남풀빌라펜션,50,180,3.8,1.7,5.38%,0.72%,높음,15
전라남도풀빌라펜션,< 10,20,1,0,11.12%,0%,높음,3
전라도리조트,220,660,0.6,4.7,0.29%,0.78%,높음,14
전라도캠핑,50,110,0,0,0%,0%,중간,12
전라북도리조트,40,100,0.1,0.3,0.32%,0.24%,중간,8
전라북도모텔,< 10,10,0,0,0%,0%,높음,3
전라북도콘도,10,20,0,0,0%,0%,높음,3
전라북도풀빌라펜션,< 10,10,0,0,0%,0%,높음,3
전북숙박,< 10,40,0.1,0,1.91%,0%,높음,15
전북풀빌라펜션,< 10,40,0.8,0.7,7.55%,0.82%,중간,5
전북호텔,70,190,0.3,2.7,0.48%,1.47%,높음,15
세종모텔,120,"1,010",1.1,9.5,0.96%,0.95%,낮음,4
양평캠핑,90,310,0.6,0.3,0.69%,0.11%,높음,15
대전캠핑,250,670,0.9,3.3,0.48%,0.53%,높음,15
레저예약,< 10,10,1,0.7,25%,1.1%,높음,3
강원풀빌라펜션,< 10,40,0.1,0,3.34%,0%,높음,15
강화캠핑,60,210,0.2,0.7,0.38%,0.31%,높음,15
경기도모텔,40,100,0.8,4.3,2.06%,4.38%,중간,10
경기도캠핑,220,560,1.3,0.3,0.66%,0.07%,높음,15
경기도펜션,"2,000","4,500",27.6,58.3,1.56%,1.44%,높음,15
경상남도풀빌라펜션,< 10,10,0,0,0%,0%,높음,3
경상북도풀빌라펜션,< 10,10,0,0,0%,0%,높음,3
경상펜션,< 10,30,0,0.7,0%,0.92%,중간,8
경상풀빌라펜션,< 10,20,0,0,0%,0%,높음,3
광주캠핑,140,490,0.6,1,0.53%,0.21%,높음,15
광주풀빌라펜션,< 10,10,0.3,0,4.17%,0%,높음,3
국내레저,30,60,0,1.7,0%,1.82%,높음,3
제주가족식당,< 10,30,0,0,0%,0%,중간,1
제주문어라면,230,"2,120",0,1.5,0%,0.08%,중간,2
곽지해수욕장맛집,320,"3,250",0,0,0%,0%,높음,3
제주애월갈치조림,20,"1,510",0.7,0.7,2.64%,0.06%,중간,1
제주도문어라면,410,"1,570",0.8,0,0.61%,0%,중간,1
경북리조트,140,380,1.1,3.7,0.79%,0.84%,중간,12
제주시통갈치구이,10,90,0,0,0%,0%,높음,3
그린트리호텔,90,160,4.4,1.3,4.91%,0.9%,중간,12
제주여행일정표,180,210,1.3,1.7,0.78%,0.9%,높음,15
경남풀빌라펜션,420,340,3.1,0.7,0.7%,0.19%,높음,15
제주맛집베스트10,< 10,30,0,0,0%,0%,중간,1
제주유명한횟집,< 10,30,0.3,0,11.12%,0%,높음,3
제주도횟집가격,10,10,0,0,0%,0%,높음,3
인천풀빌라펜션,130,980,1.3,2.3,1.13%,0.25%,높음,15
제주한우,80,300,0.3,6.7,0.5%,2.39%,높음,15
제주왕갈비탕,< 10,70,0,0,0%,0%,낮음,0
제주고급한정식,10,20,0.5,1,5%,3.58%,중간,2
제주상견례식당,< 10,10,0,0,0%,0%,높음,3
제주분위기좋은식당,< 10,20,1,0.9,25%,7.7%,중간,1
제주갈비탕,30,390,0,0,0%,0%,낮음,0
제주돌잔치식당,< 10,20,0,2.4,0%,8.52%,중간,2
제주떡갈비,10,160,0,0,0%,0%,높음,3
제주상견례장소,< 10,20,0,0,0%,0%,높음,3
용두암맛집,450,"1,460",0,0,0%,0%,높음,3
제주상견례,80,280,0,1.3,0%,0.46%,높음,3
제주도흙돼지,140,720,1.1,11,0.91%,1.67%,높음,15
신화월드조식,100,480,2.8,3.8,2.78%,0.82%,중간,5
제주도돼지고기,140,470,2,11.7,1.56%,2.63%,높음,15
강원도모텔,70,230,0.9,16.3,1.2%,7.05%,높음,15
소길리맛집,50,400,1,1,2.5%,0.28%,중간,1
제주도낙지,30,130,0,0,0%,0%,중간,1
시골낙지,30,240,1,1,2.95%,0.43%,중간,1
중문근처맛집,70,670,0,0.7,0%,0.11%,높음,3
제주도중문단지맛집,< 10,70,0,0,0%,0%,높음,3
서울풀빌라펜션,10,90,0.3,0.3,1.86%,0.27%,중간,8
대포주상절리근처맛집,< 10,20,0,0,0%,0%,중간,2
중문해수욕장맛집,< 10,50,0,0,0%,0%,중간,2
1월제주도2박3일여행코스,< 10,< 10,0,0,0%,0%,낮음,0
12월제주도여행코스,< 10,< 10,0,0,0%,0%,낮음,0
겨울제주도2박3일코스,< 10,< 10,0,0,0%,0%,낮음,0
11월제주3박4일코스,< 10,< 10,0,0,0%,0%,낮음,0
11월제주도2박3일코스,< 10,< 10,0,0,0%,0%,낮음,0
제주수학여행코스,60,50,1.7,0,2.86%,0%,중간,7
제주통갈치,280,"1,000",1.5,6.3,0.69%,0.74%,중간,9
제주추천맛집,20,90,0,0,0%,0%,높음,15
제주중문단지맛집,230,"2,260",0,3.3,0%,0.16%,중간,11
제주도1박2일여행코스,290,500,3.5,12.3,1.25%,2.63%,높음,15
제주도대방어,30,90,0,0,0%,0%,낮음,4
노형맛집,480,"1,830",0.5,0,0.12%,0%,중간,2
제주관광지도다운,100,80,4.7,0,3.14%,0%,중간,5
펜션싼곳,10,30,0.4,0.9,3.34%,1.02%,높음,15
제주도부모님여행코스,430,510,3.9,1,0.95%,0.2%,높음,15
제주도혼자여행코스,"1,140","2,950",4.3,2,0.4%,0.07%,높음,14
제주도회집,50,220,0,0.3,0%,0.16%,낮음,3
제주도갈치구이,"1,640","1,900",1,5,0.07%,0.3%,중간,9
신화월드맛집,240,"1,560",0.5,0,0.25%,0%,중간,2
제주공항근처갈치조림,100,"1,370",0,1.6,0%,0.12%,높음,3
제주도티켓가격,< 10,50,0,0,0%,0%,높음,15
제주도통갈치조림,320,"1,840",1,1.1,0.35%,0.06%,높음,3
울산모텔,540,"1,850",3.3,62.8,0.79%,3.8%,높음,15
제주도갈치맛집,730,"2,800",5.1,11.6,0.7%,0.46%,중간,6
중문관광단지맛집,520,"2,040",0.4,1.3,0.07%,0.07%,중간,11
제주중문흑돼지맛집,290,"1,340",0,0,0%,0%,높음,3
제주중문관광단지맛집,290,200,0,0,0%,0%,높음,3
제주도4박5일여행코스,150,"1,520",0.6,1.3,0.5%,0.1%,높음,15
제주도숨은명소,"1,030","2,590",2.6,1,0.28%,0.05%,높음,15
제주도3박4일가족여행코스,20,40,0.2,0.3,0.87%,0.86%,높음,15
아기와제주도여행,50,190,0.3,0,0.73%,0%,높음,15
제주가족여행코스,250,440,1.9,0,0.78%,0%,높음,15
아기랑제주여행,40,190,0,0.3,0%,0.19%,높음,3
월평동맛집,"1,350","3,080",2.1,5,0.17%,0.18%,중간,11
12월제주도2박3일코스,< 10,< 10,0,0,0%,0%,낮음,0
제주스마트팜,50,80,0,1,0%,1.64%,중간,1
생생정보통제주맛집,10,60,0,0.6,0%,1.45%,중간,2
중문전복뚝배기,< 10,130,0,0,0%,0%,중간,1
제주시애월읍맛집,20,110,0,0,0%,0%,높음,3
제주시맛집추천,20,230,0,0.3,0%,0.14%,높음,15
15인승렌트카,540,"2,740",30.8,310.6,6.61%,12.44%,높음,15
11월제주도여행코스,< 10,< 10,0,0,0%,0%,중간,13
서귀포돼지고기,20,380,0,0,0%,0%,중간,1
제주산돼지고기,10,30,2.1,1.7,13.34%,6.42%,높음,15
제주흑돼지주문,< 10,20,0.1,1,3.45%,3.85%,높음,15
흑돼지고기,20,110,0.1,0.7,0.46%,0.64%,높음,15
제주도흑돼지고기,10,20,0,1.7,0%,9.26%,높음,3
경상북도펜션,40,80,0.7,1,1.49%,0.8%,높음,15
제주여행지,600,"1,250",2.3,14.3,0.44%,1.24%,높음,15
휴대폰쿠폰,< 10,10,0,0,0%,0%,높음,3
모바일쿠폰,"1,020","2,090",30.4,68,3.24%,3.59%,높음,15
모바일제주,< 10,20,0.1,3,2.23%,18.75%,높음,15
제주돼지,300,840,8.5,5,2.88%,0.62%,높음,15
제주회집,50,290,0,0,0%,0%,높음,3
제주통갈치구이,290,"1,730",2.5,28.7,0.69%,1.56%,중간,11
제주도호텔부페,< 10,50,0.1,1.7,1.03%,2.93%,중간,12
씨스타크루즈,100,280,1.5,5,1.44%,1.78%,중간,10
제주시생선구이,10,230,0,0,0%,0%,낮음,0
제주생선구이,110,"1,160",0,0.7,0%,0.07%,높음,3
제주연동맛집,870,"8,460",1.3,1.7,0.18%,0.03%,높음,3
제주돔베고기맛집,20,80,0,0,0%,0%,낮음,0
제주시갈치조림맛집,20,"1,660",0,0.7,0%,0.05%,높음,3
제주월정리해변맛집,40,"1,260",0,0,0%,0%,중간,2
제주도수산,20,60,0.5,2.3,2.37%,4.44%,높음,15
제주도10월여행,20,30,0.3,0,1.41%,0%,높음,15
제주도흑돼지전문점,10,20,0,0,0%,0%,높음,3
씨스타쿠르즈,< 10,< 10,0,0,0%,0%,높음,3
주상절리근처맛집,20,50,0.7,0,3.58%,0%,높음,3
제주중문횟집,750,790,0,0,0%,0%,높음,3
제주도수학여행코스,650,"1,140",3.1,0.3,0.58%,0.04%,중간,12
서귀포흑돼지,"2,430","3,860",1.4,15,0.07%,0.44%,중간,10
국내여행특가,10,50,0.3,2,2.78%,2.28%,높음,15
대구콘도,110,350,1.4,17.3,1.48%,4.69%,높음,14
모텔특가,< 10,30,4.1,8.1,40.75%,10.06%,낮음,3
서귀포시흑돼지맛집,40,230,0,0,0%,0%,낮음,0
제주애월해안도로맛집,30,"1,000",0,0,0%,0%,중간,2
전라남도펜션,130,370,1.3,0,1.05%,0%,높음,15
국내게스트하우스,510,"1,090",6.3,2.3,1.27%,0.23%,높음,15
제주갈치구이맛집,90,"1,860",0,1,0%,0.06%,높음,3
서귀포강정동맛집,50,800,0,2,0%,0.26%,중간,1
법환동맛집,70,340,0.6,0,1.08%,0%,중간,2
제주통갈치구이맛집,10,110,0,0,0%,0%,높음,3
입장권예매,< 10,20,1,4,12.5%,6.35%,중간,2
제주관광입장료,< 10,10,0.1,1.7,2.23%,18.52%,높음,15
충청남도여행,180,170,1,1.3,0.65%,0.83%,높음,15
중문대포횟집,20,120,0,0,0%,0%,높음,3
전라남도리조트,70,130,0.6,0,0.8%,0%,높음,15
3박4일제주여행,90,170,1.1,4.5,1.35%,3.01%,높음,15
제주도왕갈치구이,< 10,20,0.8,0.6,16.67%,4%,중간,1
제주도통갈치구이맛집,< 10,40,0,0,0%,0%,높음,3
제주시통갈치,20,140,0,0,0%,0%,중간,1
제주시내갈치구이,< 10,20,0,0,0%,0%,높음,3
제주왕갈치구이,10,20,0,0,0%,0%,중간,1
제주도은갈치구이,< 10,20,0,0,0%,0%,중간,2
제주운해횟집,50,170,0,0,0%,0%,높음,3
제주큰갯물횟집,30,100,0,0,0%,0%,중간,1
제주아라동맛집,420,"5,540",0,0.7,0%,0.02%,높음,3
제주대방어회,< 10,10,0,0,0%,0%,높음,3
서귀포방어회,< 10,20,0,0,0%,0%,낮음,0
서귀포갈치조림,"1,620","2,970",1,0.7,0.06%,0.03%,높음,3
제주도유명횟집,10,30,0.3,0,2.39%,0%,높음,3
제주도통갈치구이,90,"1,160",0.3,0,0.39%,0%,높음,3
제주도여행땡처리,< 10,10,0.3,3.3,6.67%,21.74%,높음,15
경기여행,70,410,0.6,2.7,0.85%,0.64%,높음,15
제주도횟집추천,90,200,0.4,0.3,0.52%,0.14%,높음,14
펜션예매,< 10,10,0.8,0,25%,0%,중간,1
제주겨울여행,50,30,2.3,0.3,1.23%,0.54%,높음,15
제주도서귀포여행,"1,430",180,1.7,1,0.15%,0.59%,높음,15
국내모텔예약,< 10,10,0.5,1.3,9.1%,2.23%,중간,6
강남이색데이트,320,"1,560",2.1,3,0.6%,0.19%,높음,15
제주용두암근처맛집,10,30,0,0,0%,0%,중간,1
김건모제주맛집,130,"2,780",4,6,6.35%,0.49%,중간,1
중문점심,30,200,0,0,0%,0%,낮음,0
중문족발,10,160,0,0,0%,0%,중간,1
펜션저렴한곳,< 10,30,0.1,0,2.23%,0%,높음,15
제주관광할인권,30,50,2.5,9.1,8.18%,16.91%,높음,15
경남모텔,30,70,0,0,0%,0%,높음,3
입장권할인,10,40,0.6,1.5,5.61%,1.79%,중간,11
제주도갈치구이맛집,130,"4,200",0.9,8.5,0.82%,0.21%,낮음,3
해운대모텔,750,"3,230",8,101.2,1.23%,3.36%,높음,15
제주도관광할인쿠폰,10,20,0.9,1,9.34%,5.27%,높음,15
제주디즈니랜드,10,90,0,0,0%,0%,높음,3
제주도신화리조트,90,"1,360",0.9,27,0.94%,2.04%,높음,15
제주도혼자여행,"2,470","7,260",5.5,9.3,0.26%,0.14%,높음,15
제주도관광지입장권할인,< 10,< 10,0,0.7,0%,13.34%,낮음,0
제주관광지쿠폰,10,20,1.1,7,5.34%,23.34%,높음,15
제주2박3일여행,90,200,1.1,3.3,1.4%,1.63%,높음,15
제주섭지코지맛집,230,"1,340",0.5,3.3,0.24%,0.27%,중간,8
한림전망대횟집,20,80,1,1,6.25%,1.3%,중간,1
모슬포방어,20,100,0,0.3,0%,0.31%,중간,5
애월횟집,250,"1,040",2.6,0.7,1.07%,0.08%,중간,2
대전풀빌라펜션,140,250,7.5,1,5.92%,0.34%,중간,10
충청북도여행,120,130,0.4,1,0.46%,0.53%,중간,11
세종여행,170,550,0.3,0,0.22%,0%,높음,3
서울모텔예약,10,20,0.4,0.7,2.4%,3.18%,중간,8
제주도볼만한곳,90,"1,140",0.7,2,0.63%,0.18%,높음,15
제주할인쿠폰싼곳,< 10,< 10,0,0,0%,0%,낮음,0
제주대학교맛집,150,800,0,0,0%,0%,중간,1
강화도펜션,"15,900","49,900",234.5,869.1,1.77%,2.01%,높음,15
제주도할인티켓,10,30,0.5,7,4.85%,18.89%,높음,15
제주도관광쿠폰,20,30,1.7,5.3,6.2%,16.67%,높음,15
제주여행쿠폰,40,70,2.4,8.4,8%,14.69%,높음,15
제주도후불쿠폰,10,40,1,1,5.63%,2.5%,높음,14
서머셋조식,50,340,0.7,6.1,1.18%,1.84%,높음,3
제주교래맛집,20,40,0,0,0%,0%,높음,3
제주관광지티켓,10,30,1.1,6.9,11.34%,18.71%,높음,15
제주도모바일할인쿠폰,70,140,3.7,12.7,5.24%,9.91%,높음,15
제주관광티켓,20,40,1.5,6.8,5.48%,22.69%,높음,15
제주할인입장권,< 10,10,0.1,1.3,1.91%,7.7%,높음,15
제주불백,< 10,60,1,0,10%,0%,중간,1
제주1박2일여행,80,150,2.1,4.9,3.04%,3.36%,높음,15
제주관광할인쿠폰,10,30,1.1,6.1,7.12%,17.92%,높음,15
제주도할인권,40,110,1.5,20.4,3.77%,17.3%,높음,15
제주관광쿠폰,10,50,1.9,7.3,9.34%,15.51%,높음,15
모텔싼곳,10,120,0.1,6,1%,4.38%,중간,7
해운대풀빌라펜션,10,20,0.7,0,8.34%,0%,높음,3
제주입장료할인,20,10,1.1,3.8,6.51%,20%,높음,14
제주도할인입장권,< 10,10,0.9,1,15.56%,9.1%,높음,15
제주모바일쿠폰,40,640,0.7,35.6,2.53%,6.5%,높음,15
제주도저렴한횟집,20,80,0,0.7,0%,0.76%,높음,3
제주도모바일쿠폰,30,110,1.2,19.3,4.62%,16.94%,높음,15
제주외도맛집,230,"2,660",0,0,0%,0%,높음,3
제주관광지입장료,20,20,1.1,1.5,4.29%,5.16%,중간,13
제주도커플여행,780,"1,680",3.1,0.7,0.43%,0.05%,높음,15
제주도관광지입장권,30,10,1.7,1,6.2%,5.89%,높음,15
애월고기집,10,200,0,1.6,0%,0.76%,중간,2
애월고깃집,10,150,0,0,0%,0%,중간,2
애월항맛집,170,300,0.3,0,0.21%,0%,높음,3
제주도관광지입장료,30,30,0.9,0,3.12%,0%,높음,15
제주도쿠폰할인,< 10,< 10,0.2,0.3,4%,11.12%,높음,15
제주도모바일티켓,< 10,20,0,0,0%,0%,높음,15
제주도캠핑,430,"1,100",0.7,0,0.18%,0%,높음,15
제주티켓할인,< 10,20,0.1,3.3,1.12%,13.27%,높음,15
관광지할인쿠폰,< 10,< 10,0.1,0,2.23%,0%,높음,15
제주도관광티켓,40,60,4.1,7.8,9.25%,17.23%,높음,15
강화모텔,80,410,2.1,26,2.87%,6.04%,중간,9
제주아쿠아플라넷다이빙,10,60,1.6,0,10.72%,0%,중간,2
제주도관광지쿠폰,20,10,0.9,1,4.06%,16.67%,높음,15
제주할인쿠폰북,< 10,< 10,0,0,0%,0%,높음,14
제주도여행할인쿠폰,< 10,10,0.5,0,8.89%,0%,높음,15
제주도여행할인권,< 10,20,0.2,1.3,4%,7.41%,높음,15
제주시한정식,90,580,0.5,1,0.54%,0.19%,중간,2
제주도겨울여행지,< 10,< 10,0,0,0%,0%,높음,15
월령포구,30,110,0,0,0%,0%,중간,1
재주도맛집,20,190,0,0.3,0%,0.19%,높음,3
제주갈치전문점,< 10,60,0,1.3,0%,2.34%,높음,3
송악산맛집,300,"2,190",0,1,0%,0.05%,높음,3
금능횟집,< 10,50,0,0,0%,0%,중간,1
대정읍맛집,150,540,0,0,0%,0%,높음,3
바다이야기횟집,20,120,0,0,0%,0%,중간,1
비양도배시간표,< 10,10,0,0,0%,0%,중간,2
겨울제주도여행코스,< 10,< 10,0,0,0%,0%,높음,15
하귀맛집,130,810,0.3,0.7,0.26%,0.1%,높음,3
한경맛집,20,150,0.5,0,2.5%,0%,중간,2
한경면맛집,140,320,0.3,0,0.25%,0%,높음,3
한림맛집,560,"3,460",0.3,1,0.07%,0.04%,높음,3
한림읍맛집,180,740,0,0,0%,0%,낮음,4
한림횟집,60,210,1,0,1.45%,0%,중간,1
협재맛집,"1,640","5,190",1.5,7.3,0.1%,0.15%,중간,10
협재해수욕장횟집,40,190,0,1,0%,0.56%,중간,2
협재회포장,20,170,0,0,0%,0%,중간,1
제주한림날씨,60,"2,410",0,0,0%,0%,중간,1
제주한림맛집,"1,700","22,500",2.6,42.7,0.19%,0.21%,중간,9
제주한림횟집,50,530,1,0,1.89%,0%,중간,1
제주협재맛집,"1,100","20,900",0,8,0%,0.05%,높음,3
제주협재해수욕장맛집,100,650,0,0.3,0%,0.06%,높음,3
제주여행카페,410,880,1,1,0.28%,0.13%,중간,13
제주자연산횟집,20,90,0,0,0%,0%,높음,3
제주쥐치,20,30,0,0,0%,0%,중간,1
제주진짜맛집,< 10,40,0,0,0%,0%,중간,1
제주서부권맛집,50,100,0,0,0%,0%,높음,3
제주서쪽맛집,460,"1,660",0,1,0%,0.07%,높음,3
제주시내횟집,50,260,0,0,0%,0%,높음,3
제주도협재맛집,240,"1,170",0.3,0,0.13%,0%,높음,3
제주방어맛집,10,40,0.4,0,3.34%,0%,높음,3
제주부시리,< 10,30,0,0.5,0%,1.57%,중간,2
제주도일식집,30,90,0.3,0,1.34%,0%,높음,3
제주도방어회가격,< 10,< 10,0,0,0%,0%,낮음,0
제주도민추천맛집,60,180,0,1,0%,0.46%,높음,3
제주도흑돼지무한리필,460,"1,820",0.9,0,0.22%,0%,중간,2
제주도관광입장권,10,< 10,1,0.3,8.34%,8.34%,높음,15
제주도관광지티켓,10,10,0.6,1.4,6.67%,13.16%,높음,15
제주도유명관광지,90,130,0.5,1.3,0.55%,1.34%,높음,15
겨울제주여행,10,10,0,0.3,0%,1.76%,높음,15
펜션특가,70,160,1.5,9,2.19%,4.55%,높음,15
제주도통갈치맛집,10,30,0,0,0%,0%,중간,2
제주도입장료,50,70,1.8,8,3.62%,8.89%,높음,15
강화펜션,"2,110","7,050",38.7,145.3,2.14%,2.28%,높음,15
제주도할인쿠폰추천,< 10,< 10,0,0.3,0%,8.34%,높음,15
제주흑돼지거리맛집,20,160,0,0,0%,0%,중간,1
제주도여행쿠폰,20,70,1.5,6.5,5.48%,9.71%,높음,15
제주여행할인권,20,40,2.9,9.4,13.04%,21.96%,높음,15
제주후불쿠폰,< 10,20,0.4,1.4,6.13%,6.67%,높음,14
제주자유이용권,50,160,1.7,1.3,4.04%,0.83%,높음,15
제주후불할인쿠폰,< 10,10,0.1,0.3,3.13%,2.71%,중간,11
제주입장권할인,70,780,4.6,100.2,6.48%,13.92%,높음,15
제주도빅5,70,120,1.5,3,2.34%,2.53%,중간,13
겨울제주도놀거리,< 10,< 10,0,0,0%,0%,낮음,0
제주도2월여행,< 10,10,0,0,0%,0%,높음,15
1월제주여행,< 10,< 10,0,0,0%,0%,높음,15
2월제주여행,< 10,10,0,0,0%,0%,높음,15
크리스마스제주여행,< 10,< 10,0,0,0%,0%,낮음,0
제주도겨울여행,50,90,0.1,0,0.13%,0%,높음,15
제주관광입장권,< 10,10,0.7,2.8,13.34%,16.18%,높음,15
제주모바일후불할인쿠폰,10,10,0.6,0.6,7.93%,5.41%,높음,14
제주도관광할인권,10,10,1.9,1.5,9.83%,11.54%,높음,15
제주쿠폰북,10,20,0.6,0.7,6.96%,3.18%,높음,14
제주샹그릴라뷔페,60,160,0.4,9.7,0.71%,6.16%,높음,10
제주씨푸드샹그릴라,10,50,0.2,3,1.38%,5.89%,높음,10
제주도여행입장권,< 10,< 10,0.1,2,1.49%,25%,높음,15
제주관광할인,20,90,0.8,14.5,4.22%,16.43%,높음,15
서귀포회집,30,190,0,0.7,0%,0.38%,높음,3
전라남도콘도,10,50,0.2,0.7,1.01%,1.63%,중간,12
제주여행입장권,10,20,0.5,3,5.34%,14.46%,높음,15
제주도티켓예약,< 10,10,0,1.7,0%,10.42%,높음,3
모바일패스,10,80,0.3,0,1.76%,0%,높음,3
제주도도민맛집,60,240,0.3,0,0.48%,0%,높음,3
제주도도민추천맛집,10,10,0,0,0%,0%,높음,3
제주할인쿠폰사이트,< 10,< 10,0.6,0,9.1%,0%,높음,14
제주도쿠폰북,10,20,0.1,1.3,1.49%,11.37%,높음,15
제주볼거리,710,"2,610",2.8,2.7,0.44%,0.12%,높음,15
제주도패스,80,120,1.1,0.5,1.23%,0.39%,높음,15
제주도모바일,20,90,0.8,12.8,3.2%,13.43%,높음,15
제주도관광지모바일할인쿠폰,10,< 10,0.4,0,4.14%,0%,높음,15
서귀포시맛집,880,"5,220",1.7,8.3,0.21%,0.17%,높음,15
제주통갈치맛집,20,90,0.3,0,1.34%,0%,높음,3
제주여행할인쿠폰,20,40,1.1,10.3,5.16%,16.82%,높음,15
제주도갈치조림,"4,890","11,300",4.4,146.3,0.1%,1.35%,높음,14
비자림맛집,480,"1,960",1.4,13,0.3%,0.71%,중간,9
제주할인티켓,< 10,50,0.1,7.7,6.67%,15.39%,높음,15
제주도볼거리,"3,050","4,170",4.7,7.1,0.19%,0.19%,높음,15
제주자연산회,10,30,0,0,0%,0%,높음,3
샹그릴라뷔페,20,90,0.5,3.7,1.78%,3.95%,높음,10
제주도샹그릴라뷔페,10,30,0.4,1.7,2.46%,4.63%,중간,7
제주도4인가족호텔,< 10,20,0.4,0.5,5.56%,0.8%,높음,3
제주도커플게하,10,40,0,0,0%,0%,높음,3
제주도입장료할인,10,20,1.1,4.5,9.7%,15%,높음,15
제주도티켓싸게,< 10,30,0,0.7,0%,2.67%,중간,10
제주도방어회,30,220,0.3,2.7,0.86%,1.11%,중간,9
제주도모바일할인권,< 10,10,0.5,0.6,4.67%,6.25%,높음,15
제주할인쿠폰비교,< 10,< 10,0,0,0%,0%,낮음,0
경기콘도,< 10,20,0,0.7,0%,1.1%,높음,3
제주도다금바리,450,"1,380",0,0.3,0%,0.03%,높음,3
제주도방어,50,190,0,0,0%,0%,중간,6
제주고등어조림맛집,< 10,40,0,0.3,0%,0.65%,높음,3
중문흑돼지맛집,310,"5,270",1.5,6.3,0.52%,0.13%,중간,7
제주공항주변맛집,130,"1,020",0.7,3.7,0.59%,0.4%,높음,3
제주방어,50,190,0.6,0,1.2%,0%,중간,11
제주도신화월드,"2,060","5,990",8.3,85.7,0.47%,1.55%,중간,10
제주신화월드가격,10,110,0.6,6.7,4%,6.18%,높음,10
제주신화역사공원호텔,< 10,< 10,0,0,0%,0%,중간,1
제주역사공원,< 10,10,0,0,0%,0%,중간,1
신화공원,10,50,0,0,0%,0%,중간,2
제주시말고기맛집,10,70,0,0,0%,0%,중간,2
제주소드레,80,330,0,0,0%,0%,중간,1
한림항맛집,90,600,0,1,0%,0.18%,높음,3
돈내코야영장,90,120,0,0,0%,0%,중간,2
중문갈치맛집,20,140,0,0,0%,0%,중간,1
중문갈치구이,330,420,0,0,0%,0%,중간,1
서귀포쌍둥이횟집,290,"1,440",0,0,0%,0%,중간,2
제주도갈치조림맛집,460,"3,130",1,11,0.26%,0.39%,중간,8
인천콘도,60,220,0.7,8,1.25%,4.22%,높음,15
샹그릴라부페,10,30,0.7,0,11.12%,0%,높음,3
제주모바일할인,< 10,< 10,0.3,0.3,6.95%,5.56%,높음,14
중문횟집,"1,130","1,340",2.3,0.6,0.21%,0.05%,중간,6
랜딩리조트부페,< 10,< 10,0,0,0%,0%,낮음,0
제주왕갈치,40,370,0.1,0.3,0.39%,0.1%,높음,15
11월제주도가볼만한곳,10,10,0,0,0%,0%,높음,15
2월제주도가볼만한곳,< 10,40,0,0,0%,0%,높음,15
제주시횟집,"1,590","2,360",3.2,1.7,0.22%,0.09%,중간,8
설날제주도비행기,< 10,< 10,0,0,0%,0%,낮음,0
양평모텔,280,"1,400",4.1,3.3,1.65%,0.26%,중간,6
신제주물회,< 10,20,0,1,0%,16.67%,중간,1
제주한치회,30,120,0,1,0%,0.99%,중간,2
제주단체식당,40,70,0.9,0,4%,0%,중간,1
제주애월고기국수,350,240,0,1,0%,0.5%,중간,1
협재해수욕장맛집,"1,270","5,460",2.4,13,0.21%,0.26%,중간,13
성산일출봉회포장,20,150,0,0,0%,0%,높음,3
고등어회,"1,220","5,540",4.9,2.3,0.46%,0.05%,중간,12
섭지코지회포장,10,50,0,0,0%,0%,높음,3
장흥노력항제주도,< 10,10,0,0,0%,0%,중간,1
제주5일장신문,80,130,1.9,2,2.52%,1.59%,낮음,4
크리스마스애월,20,80,0.6,0.7,3.34%,1.07%,중간,2
제주5일장,540,"4,230",1,4.6,0.2%,0.12%,높음,3
제주도땅시세,10,60,0.2,3,0.87%,4.35%,중간,12
제주도매매,450,"1,780",3,10,0.67%,0.57%,높음,15
제주도표선맛집,90,650,0,0.7,0%,0.11%,높음,3
제주도유명한횟집,< 10,30,0,1,0%,3.04%,높음,3
모슬포항횟집,50,330,0,1.1,0%,0.34%,높음,3
경남호텔,460,"1,040",0.9,0.3,0.24%,0.04%,높음,15
애월흑돼지,470,"2,210",1,0,0.25%,0%,높음,3
제주맛집쿠폰,< 10,10,0.2,2,3.9%,3.39%,중간,13
경북콘도,20,30,0.1,0.7,0.59%,1.02%,높음,15
제주서귀포횟집,130,710,1.3,3.7,1%,0.55%,중간,6
표선맛집,790,"3,740",2.4,15.3,0.33%,0.46%,중간,7
중문먹거리,20,150,0,0.9,0%,0.58%,높음,3
세종리조트,10,40,0,0,0%,0%,높음,3
성산일출봉고기국수,110,670,0,0,0%,0%,낮음,0
성산고기집,20,160,0,0,0%,0%,중간,1
성산흑돼지,380,"1,480",0,0,0%,0%,중간,1
서귀포브런치,130,"1,120",0,0,0%,0%,높음,3
보나베띠,"1,990","7,100",2,6,0.12%,0.1%,중간,8
제주도데이트,"1,090",770,0.3,9.7,0.04%,1.34%,높음,15
서귀포혁신도시,340,610,0.5,1.7,0.17%,0.29%,중간,12
제주한림항맛집,10,50,0.3,0,2.39%,0%,높음,3
제주샤인빌리조트맛집,120,"1,720",0,0,0%,0%,중간,1
한라산CC맛집,< 10,10,1,1,20%,7.7%,중간,1
제주대맛집,200,"1,390",0,0.9,0%,0.09%,중간,2
제주도말고기맛집,230,"4,810",0.7,2.6,0.35%,0.07%,중간,1
전남단체숙박,10,20,0.4,0.3,6%,1.76%,높음,14
전남단체숙소,< 10,< 10,0.7,2,33.34%,22.23%,높음,3
제주레포츠랜드맛집,10,50,1,0,4.35%,0%,중간,1
사려니숲길주변맛집,< 10,< 10,0,0,0%,0%,중간,2
함덕해수욕장주변맛집,< 10,10,0,0,0%,0%,중간,1
갈치구이,"1,130","7,710",2,5,0.2%,0.07%,높음,3
서귀포횟집추천,20,60,0.2,0,0.84%,0%,중간,10
제주갈치조림맛집,620,"9,180",4.8,59.7,0.87%,0.67%,중간,12
애월스시,70,730,0,0,0%,0%,중간,1
제주초밥집,30,180,0,0,0%,0%,중간,2
제주도방어맛집,10,50,0,0,0%,0%,중간,2
제주도말고기,930,"2,190",5.5,17.1,0.64%,0.81%,중간,8
일도지구맛집,30,200,0,1.2,0%,0.61%,높음,3
제주샤인빌맛집,10,50,0,0,0%,0%,중간,2
3월제주가볼만한곳,50,130,0.7,0,0.99%,0%,높음,3
성산일출봉근처맛집,120,810,0.3,1.3,0.26%,0.17%,높음,3
표선회포장,10,150,0.8,0,3.93%,0%,중간,2
제주도크루즈여행,30,50,2,1.3,6.59%,3.04%,중간,11
제주벵에돔,30,130,0,0.7,0%,0.5%,높음,3
중문단지맛집,160,260,0.9,0,0.63%,0%,중간,7
제주해송횟집,110,370,0.4,0,0.34%,0%,높음,3
돌돔가격,200,"3,590",1.1,1.7,0.66%,0.06%,중간,9
제주롯데호텔근처맛집,20,190,0,0.7,0%,0.43%,높음,3
제주도먹방여행,110,"1,500",0,0.3,0%,0.03%,높음,3
제주도중문횟집,130,"2,030",0,3.3,0%,0.19%,높음,3
제주도서귀포횟집,90,830,0,0.7,0%,0.09%,높음,3
서귀포중문횟집,< 10,50,0.5,0,7.15%,0%,중간,2
서귀포통갈치조림,50,390,0,0,0%,0%,중간,1
게스트하우스할인,< 10,10,0.1,1,3.34%,1.67%,높음,15
환갑제주도여행,< 10,10,0,0,0%,0%,높음,3
중문일식,< 10,40,0,0,0%,0%,중간,2
여행쿠폰,20,40,0.6,1,2.08%,2.95%,중간,8
한림공원도민할인,< 10,70,0,0,0%,0%,중간,1
제주함덕가볼만한곳,110,470,0,0,0%,0%,높음,3
제주워터월드도민할인,< 10,< 10,0,0,0%,0%,낮음,0
제주쿠폰통,< 10,10,1,0,14.29%,0%,중간,1
제주크루즈,210,460,1,4.7,0.49%,0.85%,높음,15
제주여름축제,10,10,0,0,0%,0%,중간,1
함덕해수욕장맛집,"1,380","7,470",1.3,1.3,0.11%,0.02%,높음,3
제주공항근처흑돼지,900,"1,150",0,0,0%,0%,높음,3
3대천왕제주맛집,< 10,10,0,0,0%,0%,중간,1
제주은갈치조림,20,210,0.3,0.7,1.39%,0.37%,높음,3
제주손맛촌,350,"1,950",11,37,3.48%,2.07%,낮음,1
백종원의3대천왕제주,< 10,50,0,0,0%,0%,높음,3
손맛촌갈치조림,< 10,10,0,0,0%,0%,중간,1
제주도은갈치조림,10,20,0.3,0,3.04%,0%,높음,3
제주도갈치전문점,< 10,10,1,0,14.29%,0%,높음,3
제주공항근처갈치구이,20,140,0,0,0%,0%,높음,3
제주다금바리맛집,10,30,1.3,0,9.68%,0%,중간,2
강화도콘도,160,400,3.3,14.3,2.06%,3.73%,높음,15
제주도조식,220,610,1.4,1.3,0.68%,0.23%,높음,15
대전온수풀,10,30,0,0,0%,0%,중간,1
제주해비치흑돼지,< 10,50,0,0,0%,0%,중간,2
제주도말고기집,< 10,20,0,0,0%,0%,높음,3
한라산맛집,180,540,0,0,0%,0%,높음,3
제주돼지맛집,10,40,0,0,0%,0%,높음,3
제주말고기전문점,10,40,1,1,6.9%,2.13%,중간,2
제주말고기집,< 10,50,0.6,1,11.12%,2.28%,중간,2
제주도말고기식당,< 10,10,0,1,0%,9.1%,중간,1
제주도똥돼지맛집,30,120,0,0,0%,0%,중간,2
제주말고기맛집,110,"2,640",0,1.1,0%,0.05%,높음,3
표선흑돼지맛집,30,740,0.3,0,0.93%,0%,높음,3
제주시상견례장소,< 10,10,0,0,0%,0%,중간,2
제주시상견례,20,60,0.4,0,1.93%,0%,중간,2
제주시고급식당,10,20,0,0,0%,0%,낮음,0
제주시갈비탕,10,130,0,0,0%,0%,낮음,0
에코랜드맛집,570,"1,830",0.3,1.3,0.07%,0.09%,높음,3
제주도회포장,230,"1,300",2.5,2.3,1.14%,0.22%,중간,6
제주도상견례,50,90,2,1,4.17%,1.13%,높음,3
제주대포포구횟집,< 10,< 10,0,0,0%,0%,중간,1
비자림근처맛집,150,"2,350",0,7.5,0%,0.35%,높음,3
표선해물탕,< 10,80,0,0,0%,0%,중간,1
대전역숙박,40,110,1,6.3,2.65%,6.28%,중간,8
제주해안도로횟집,10,50,0,0,0%,0%,높음,3
대전모텔예약,< 10,< 10,0.7,0,11.12%,0%,높음,3
대전무인텔,170,"1,230",1.8,1.7,1.26%,0.15%,중간,6
제주도출장뷔페,30,110,3.8,10,9.83%,8.7%,중간,11
대전역숙소,70,280,2,0.6,3.48%,0.25%,중간,8
제주다금바리가격,20,50,0,0,0%,0%,높음,3
서귀포시횟집,680,250,0,0,0%,0%,높음,3
제주도긴급모객,< 10,< 10,2.1,0.9,35.3%,7.7%,높음,3
강촌콘도,20,30,0.1,0.7,0.69%,2.9%,높음,14
청량리족발,60,410,0,0,0%,0%,높음,3
제주서귀포회집,< 10,10,0,0,0%,0%,중간,1
서귀포현지인맛집,160,830,1,0,0.82%,0%,중간,1
서귀포맛집베스트,< 10,10,0,0,0%,0%,중간,2
울산펜션예약,< 10,10,0,0,0%,0%,높음,15
대전호텔수영장,40,160,2.1,0.3,4.73%,0.23%,낮음,3
대전저렴한호텔,< 10,10,0,0,0%,0%,높음,3
대전신축호텔,10,20,0.5,4,4.55%,12.91%,중간,2
대전시숙박,< 10,10,0,0.3,0%,1.86%,높음,3
대전근처숙소,< 10,10,0,0,0%,0%,낮음,0
대전근교숙소,< 10,10,0,0,0%,0%,중간,1
계룡호텔,70,370,1.2,10.7,1.81%,3.27%,중간,8
제주에코랜드맛집,540,"1,340",1.9,0.7,0.43%,0.07%,중간,6
제주돈까스맛집,110,"2,200",0.3,0.3,0.35%,0.02%,높음,3
성산일출봉맛집,"4,330","42,600",7.1,128,0.18%,0.33%,높음,15
제주남원맛집,440,"2,920",0.7,4.3,0.16%,0.16%,중간,6
제주4성급호텔,100,250,1.9,0,1.65%,0%,중간,11
제주도코스짜기,20,40,0.1,0.3,0.48%,0.91%,중간,9
제주도비자림맛집,40,340,0,0.7,0%,0.19%,높음,3
제주비자림맛집,70,810,0,1.3,0%,0.18%,높음,3
제주비자림근처맛집,10,20,0,0,0%,0%,중간,2
